{
  "blocks": {
    "hwp1": {
      "angle_offset_deg": -0.00258408956024506
    },
    "nd1": {
      "optical_density": 0.3010980678239392
    }
  }
}